URL,Outgoing links,Incoming links
https://ihmn.be,28,0
https://ihmn.be/,28,451
https://ihmn.be/formations,23,113
https://ihmn.be/formations/naturopathie,23,158
https://ihmn.be/formations/hygiene-de-vie-et-nutrition,21,156
https://ihmn.be/formations/drainage-lymphatique-manuel,19,118
https://ihmn.be/formations/formations-hors-cursus,19,118
https://ihmn.be/formations/inscriptions-tarifs,22,113
https://ihmn.be/formations/examens-certificats,19,113
https://ihmn.be/ihmn,19,113
https://ihmn.be/ihmn/formateurs,19,113
https://ihmn.be/ihmn/en-pratique,19,151
https://ihmn.be/ihmn/lhistoire-ihmn,19,113
https://ihmn.be/faq,60,113
https://ihmn.be/nos-therapeuthes,48,141
https://ihmn.be/contact,20,113
https://www.ihmn.be/contact,20,413
https://ihmn.be/mentions-legales,20,113
https://ihmn.be/formations/naturopathie#tab-15435291221,23,5
https://ihmn.be/formations/naturopathie#tab-15435291222,23,5
https://ihmn.be/formations/naturopathie#tab-1543529142771,23,5
https://ihmn.be/formations/naturopathie#tab-1543529148885,23,5
https://ihmn.be/formations/hygiene-de-vie-et-nutrition#tab-15435291221,21,3
https://ihmn.be/formations/hygiene-de-vie-et-nutrition#tab-15435291222,21,3
https://ihmn.be/images/Documents/ihmn_25-26_contrat_inscription_1e-anne.pdf,0,2
https://ihmn.be/images/Documents/ihmn---tarifs-2025-26.pdf,0,2
https://ihmn.be/images/Documents/IHMN%20-%20Bourse%202025-26.pdf,0,2
https://ihmn.be/faq#collapse-1682976300268,60,38
https://ihmn.be/faq#collapse-1682976374379,60,38
https://ihmn.be/faq#collapse-1682976374380,60,38
https://ihmn.be/faq#collapse-1682976300269,60,38
https://ihmn.be/faq#collapse-1683034607893,60,38
https://ihmn.be/faq#collapse-1683034607894,60,38
https://ihmn.be/faq#collapse-1683148386649,60,38
https://ihmn.be/faq#collapse-1683148394858,60,38
https://ihmn.be/faq#collapse-1683148404271,60,38
https://ihmn.be/faq#collapse-1683148414804,60,38
https://ihmn.be/faq#collapse-1682976967143,60,38
https://ihmn.be/faq#collapse-1683034613705,60,38
https://ihmn.be/faq#collapse-1683034613706,60,38
https://ihmn.be/faq#collapse-1683148633325,60,38
https://ihmn.be/faq#collapse-1683148642868,60,38
https://ihmn.be/faq#collapse-1683148650572,60,38
https://ihmn.be/faq#collapse-1683148658048,60,38
https://ihmn.be/faq#collapse-1683148668238,60,38
https://ihmn.be/faq#collapse-1683148677268,60,38
https://ihmn.be/faq#collapse-1683148684724,60,38
https://ihmn.be/faq#collapse-1683148692237,60,38
https://ihmn.be/faq#collapse-1683148702196,60,38
https://ihmn.be/faq#collapse-1682976979747,60,38
https://ihmn.be/faq#collapse-1683034617882,60,38
https://ihmn.be/faq#collapse-1683034617883,60,38
https://ihmn.be/faq#collapse-1683149026837,60,38
https://ihmn.be/faq#collapse-1683149034266,60,38
https://ihmn.be/faq#collapse-1683149048164,60,38
https://ihmn.be/faq#collapse-1683149060455,60,38
https://ihmn.be/faq#collapse-1683149068876,60,38
https://ihmn.be/faq#collapse-1682976988688,60,38
https://ihmn.be/faq#collapse-1683034622417,60,38
https://ihmn.be/faq#collapse-1683034622418,60,38
https://ihmn.be/faq#collapse-1683149309048,60,38
https://ihmn.be/faq#collapse-1682976996291,60,38
https://ihmn.be/faq#collapse-1683034626696,60,38
https://ihmn.be/faq#collapse-1683034626697,60,38
https://ihmn.be/nos-therapeuthes/bruxelles,33,14
https://ihmn.be/nos-therapeuthes/brabant-wallon,35,14
https://ihmn.be/nos-therapeuthes/brabant-flamand,31,14
https://ihmn.be/nos-therapeuthes/limbourg,31,14
https://ihmn.be/nos-therapeuthes/liege,40,14
https://ihmn.be/nos-therapeuthes/namur,38,14
https://ihmn.be/nos-therapeuthes/hainaut,35,14
https://ihmn.be/nos-therapeuthes/luxembourg,34,14
https://ihmn.be/nos-therapeuthes/france,32,14
https://ihmn.be/nos-therapeuthes/france/marie-verwacht-fr,19,3
https://ihmn.be/nos-therapeuthes/france/marie-pierre-benoit-fr,19,3
https://ihmn.be/nos-therapeuthes/luxembourg/laurence-pierson,19,3
https://ihmn.be/nos-therapeuthes/luxembourg/colette-frenay,19,3
https://ihmn.be/nos-therapeuthes/luxembourg/nolwenn-esselin,19,3
https://ihmn.be/nos-therapeuthes/luxembourg/sophie-contor,19,3
https://ihmn.be/nos-therapeuthes/hainaut/monique-surmont,19,3
https://ihmn.be/nos-therapeuthes/hainaut/nathalie-seghers-2,19,3
https://ihmn.be/nos-therapeuthes/hainaut/estelle-durant,19,3
https://ihmn.be/nos-therapeuthes/hainaut/valerie-debieve,19,3
https://ihmn.be/nos-therapeuthes?page=1,48,13
https://ihmn.be/nos-therapeuthes?page=2,48,8
https://ihmn.be/nos-therapeuthes?page=3,48,7
https://ihmn.be/nos-therapeuthes?page=4,47,12
https://ihmn.be/contact#,20,2
https://www.ihmn.be/,28,224
https://www.ihmn.be/formations,23,112
https://www.ihmn.be/formations/naturopathie,23,154
https://www.ihmn.be/formations/hygiene-de-vie-et-nutrition,21,153
https://www.ihmn.be/formations/drainage-lymphatique-manuel,19,115
https://www.ihmn.be/formations/formations-hors-cursus,19,115
https://www.ihmn.be/formations/inscriptions-tarifs,22,112
https://www.ihmn.be/formations/examens-certificats,19,112
https://www.ihmn.be/ihmn,19,112
https://www.ihmn.be/ihmn/formateurs,19,112
https://www.ihmn.be/ihmn/en-pratique,19,150
https://www.ihmn.be/ihmn/lhistoire-ihmn,19,112
https://www.ihmn.be/faq,60,112
https://www.ihmn.be/nos-therapeuthes,48,140
https://www.ihmn.be/contact#,20,2
https://www.ihmn.be/mentions-legales,20,112
https://ihmn.be/images/Documents/ihmn_mentions_legales_230601.pdf,0,2
https://ihmn.be/nos-therapeuthes/bruxelles/marie-verwacht,19,2
https://ihmn.be/nos-therapeuthes/bruxelles/karin-schepens,19,2
https://ihmn.be/nos-therapeuthes/bruxelles/patricia-deuse,19,2
https://ihmn.be/nos-therapeuthes/brabant-wallon/dominique-vanboquestal,19,2
https://ihmn.be/nos-therapeuthes/brabant-wallon/nathalie-seghers,19,2
https://ihmn.be/nos-therapeuthes/brabant-wallon/salome-mulongo,19,2
https://ihmn.be/nos-therapeuthes/brabant-wallon/laurence-mertens-de-wilmars,19,2
https://ihmn.be/nos-therapeuthes/brabant-wallon/valerie-garab,19,2
https://ihmn.be/nos-therapeuthes/brabant-flamand/marilina-nicoletti,19,2
https://ihmn.be/nos-therapeuthes/limbourg/laurence-mertens-de-wilmars-2,19,2
https://ihmn.be/nos-therapeuthes/liege/flavie-stevens,19,2
https://ihmn.be/nos-therapeuthes/liege/sylvie-poupaert,19,2
https://ihmn.be/nos-therapeuthes/liege/valerie-poty,19,2
https://ihmn.be/nos-therapeuthes/liege/christelle-lequeux,19,2
https://ihmn.be/nos-therapeuthes/liege/marie-christine-lacroix,19,2
https://ihmn.be/nos-therapeuthes/liege/caroline-julin,19,2
https://ihmn.be/nos-therapeuthes/liege/veronique-evrard,20,2
https://ihmn.be/nos-therapeuthes/liege/christine-dhondt,19,2
https://ihmn.be/nos-therapeuthes/liege/veronique-dewez,19,2
https://ihmn.be/nos-therapeuthes/liege/catherine-campioni,19,2
https://ihmn.be/nos-therapeuthes/namur/fanny-paquot,19,2
https://ihmn.be/nos-therapeuthes/namur/sabine-pairon,19,2
https://ihmn.be/nos-therapeuthes/namur/charline-nocart,19,2
https://ihmn.be/nos-therapeuthes/namur/marie-stephanie-jeanmart,19,2
https://ihmn.be/nos-therapeuthes/namur/christophe-issad,19,2
https://ihmn.be/nos-therapeuthes/namur/valerie-garab-2-2-2-2-2-2-2,19,2
https://ihmn.be/nos-therapeuthes/namur/ariane-de-meeus,19,2
https://ihmn.be/nos-therapeuthes/namur/melissa-collin,19,2
https://ihmn.be/nos-therapeuthes/hainaut/marie-pierre-benoit,19,2
https://www.ihmn.be/formations/naturopathie#tab-15435291221,23,5
https://www.ihmn.be/formations/naturopathie#tab-15435291222,23,5
https://www.ihmn.be/formations/naturopathie#tab-1543529142771,23,5
https://www.ihmn.be/formations/naturopathie#tab-1543529148885,23,5
https://www.ihmn.be/formations/hygiene-de-vie-et-nutrition#tab-15435291221,21,3
https://www.ihmn.be/formations/hygiene-de-vie-et-nutrition#tab-15435291222,21,3
https://www.ihmn.be/faq#collapse-1682976300268,60,38
https://www.ihmn.be/faq#collapse-1682976374379,60,38
https://www.ihmn.be/faq#collapse-1682976374380,60,38
https://www.ihmn.be/faq#collapse-1682976300269,60,38
https://www.ihmn.be/faq#collapse-1683034607893,60,38
https://www.ihmn.be/faq#collapse-1683034607894,60,38
https://www.ihmn.be/faq#collapse-1683148386649,60,38
https://www.ihmn.be/faq#collapse-1683148394858,60,38
https://www.ihmn.be/faq#collapse-1683148404271,60,38
https://www.ihmn.be/faq#collapse-1683148414804,60,38
https://www.ihmn.be/faq#collapse-1682976967143,60,38
https://www.ihmn.be/faq#collapse-1683034613705,60,38
https://www.ihmn.be/faq#collapse-1683034613706,60,38
https://www.ihmn.be/faq#collapse-1683148633325,60,38
https://www.ihmn.be/faq#collapse-1683148642868,60,38
https://www.ihmn.be/faq#collapse-1683148650572,60,38
https://www.ihmn.be/faq#collapse-1683148658048,60,38
https://www.ihmn.be/faq#collapse-1683148668238,60,38
https://www.ihmn.be/faq#collapse-1683148677268,60,38
https://www.ihmn.be/faq#collapse-1683148684724,60,38
https://www.ihmn.be/faq#collapse-1683148692237,60,38
https://www.ihmn.be/faq#collapse-1683148702196,60,38
https://www.ihmn.be/faq#collapse-1682976979747,60,38
https://www.ihmn.be/faq#collapse-1683034617882,60,38
https://www.ihmn.be/faq#collapse-1683034617883,60,38
https://www.ihmn.be/faq#collapse-1683149026837,60,38
https://www.ihmn.be/faq#collapse-1683149034266,60,38
https://www.ihmn.be/faq#collapse-1683149048164,60,38
https://www.ihmn.be/faq#collapse-1683149060455,60,38
https://www.ihmn.be/faq#collapse-1683149068876,60,38
https://www.ihmn.be/faq#collapse-1682976988688,60,38
https://www.ihmn.be/faq#collapse-1683034622417,60,38
https://www.ihmn.be/faq#collapse-1683034622418,60,38
https://www.ihmn.be/faq#collapse-1683149309048,60,38
https://www.ihmn.be/faq#collapse-1682976996291,60,38
https://www.ihmn.be/faq#collapse-1683034626696,60,38
https://www.ihmn.be/faq#collapse-1683034626697,60,38
https://www.ihmn.be/nos-therapeuthes/bruxelles,33,14
https://www.ihmn.be/nos-therapeuthes/brabant-wallon,35,14
https://www.ihmn.be/nos-therapeuthes/brabant-flamand,31,14
https://www.ihmn.be/nos-therapeuthes/limbourg,31,14
https://www.ihmn.be/nos-therapeuthes/liege,40,14
https://www.ihmn.be/nos-therapeuthes/namur,38,14
https://www.ihmn.be/nos-therapeuthes/hainaut,35,14
https://www.ihmn.be/nos-therapeuthes/luxembourg,34,14
https://www.ihmn.be/nos-therapeuthes/france,32,14
https://www.ihmn.be/nos-therapeuthes/france/marie-verwacht-fr,19,3
https://www.ihmn.be/nos-therapeuthes/france/marie-pierre-benoit-fr,19,3
https://www.ihmn.be/nos-therapeuthes/luxembourg/laurence-pierson,19,3
https://www.ihmn.be/nos-therapeuthes/luxembourg/colette-frenay,19,3
https://www.ihmn.be/nos-therapeuthes/luxembourg/nolwenn-esselin,19,3
https://www.ihmn.be/nos-therapeuthes/luxembourg/sophie-contor,19,3
https://www.ihmn.be/nos-therapeuthes/hainaut/monique-surmont,19,3
https://www.ihmn.be/nos-therapeuthes/hainaut/nathalie-seghers-2,19,3
https://www.ihmn.be/nos-therapeuthes/hainaut/estelle-durant,19,3
https://www.ihmn.be/nos-therapeuthes/hainaut/valerie-debieve,19,3
https://www.ihmn.be/nos-therapeuthes?page=1,48,13
https://www.ihmn.be/nos-therapeuthes?page=2,48,8
https://www.ihmn.be/nos-therapeuthes?page=3,48,7
https://www.ihmn.be/nos-therapeuthes?page=4,47,12
https://ihmn.be/+32475900926,0,1
https://www.ihmn.be/nos-therapeuthes/bruxelles/marie-verwacht,19,2
https://www.ihmn.be/nos-therapeuthes/bruxelles/karin-schepens,19,2
https://www.ihmn.be/nos-therapeuthes/bruxelles/patricia-deuse,19,2
https://www.ihmn.be/nos-therapeuthes/brabant-wallon/dominique-vanboquestal,19,2
https://www.ihmn.be/nos-therapeuthes/brabant-wallon/nathalie-seghers,19,2
https://www.ihmn.be/nos-therapeuthes/brabant-wallon/salome-mulongo,19,2
https://www.ihmn.be/nos-therapeuthes/brabant-wallon/laurence-mertens-de-wilmars,19,2
https://www.ihmn.be/nos-therapeuthes/brabant-wallon/valerie-garab,19,2
https://www.ihmn.be/nos-therapeuthes/brabant-flamand/marilina-nicoletti,19,2
https://www.ihmn.be/nos-therapeuthes/limbourg/laurence-mertens-de-wilmars-2,19,2
https://www.ihmn.be/nos-therapeuthes/liege/flavie-stevens,19,2
https://www.ihmn.be/nos-therapeuthes/liege/sylvie-poupaert,19,2
https://www.ihmn.be/nos-therapeuthes/liege/valerie-poty,19,2
https://www.ihmn.be/nos-therapeuthes/liege/christelle-lequeux,19,2
https://www.ihmn.be/nos-therapeuthes/liege/marie-christine-lacroix,19,2
https://www.ihmn.be/nos-therapeuthes/liege/caroline-julin,19,2
https://www.ihmn.be/nos-therapeuthes/liege/veronique-evrard,20,2
https://www.ihmn.be/nos-therapeuthes/liege/christine-dhondt,19,2
https://www.ihmn.be/nos-therapeuthes/liege/veronique-dewez,19,2
https://www.ihmn.be/nos-therapeuthes/liege/catherine-campioni,19,2
https://www.ihmn.be/nos-therapeuthes/namur/fanny-paquot,19,2
https://www.ihmn.be/nos-therapeuthes/namur/sabine-pairon,19,2
https://www.ihmn.be/nos-therapeuthes/namur/charline-nocart,19,2
https://www.ihmn.be/nos-therapeuthes/namur/marie-stephanie-jeanmart,19,2
https://www.ihmn.be/nos-therapeuthes/namur/christophe-issad,19,2
https://www.ihmn.be/nos-therapeuthes/namur/valerie-garab-2-2-2-2-2-2-2,19,2
https://www.ihmn.be/nos-therapeuthes/namur/ariane-de-meeus,19,2
https://www.ihmn.be/nos-therapeuthes/namur/melissa-collin,19,2
https://www.ihmn.be/nos-therapeuthes/hainaut/marie-pierre-benoit,19,2
https://www.ihmn.be/+32475900926,0,1
