URL,Depth,HTTP Code,Title,H1,Meta Description,Outbound Links
https://ihmn.be/,0,200,IHMN - Institut d'Hygiène et de Médecine Naturelle,"La Naturopathie,",,28
https://ihmn.be/formations,1,200,Formations,Formations,,23
https://ihmn.be/formations/naturopathie,1,200,Naturopathie (formation),Naturopathie,,23
https://ihmn.be/formations/hygiene-de-vie-et-nutrition,1,200,Hygiène Vitale et Nutrition (formation),Hygiène de Vie et Nutrition,,21
https://ihmn.be/formations/drainage-lymphatique-manuel,1,200,Drainage lymphatique manuel (formation),Drainage Lymphatique Manuel,,19
https://ihmn.be/formations/formations-hors-cursus,1,200,Formations hors cursus (formation),Formations Hors Cursus,,19
https://ihmn.be/formations/inscriptions-tarifs,1,200,Inscriptions & Tarifs,Inscriptions & Tarifs,,22
https://ihmn.be/formations/examens-certificats,1,200,Examens & Certificats,Examens & Certificats,,19
https://ihmn.be/ihmn,1,200,IHMN,IHMN,,19
https://ihmn.be/ihmn/formateurs,1,200,Formateurs,Nos formateurs,,19
https://ihmn.be/ihmn/en-pratique,1,200,En pratique,En pratique,,19
https://ihmn.be/ihmn/lhistoire-ihmn,1,200,Historique,Historique,,19
https://ihmn.be/faq,1,200,FAQ,FAQ,,60
https://ihmn.be/nos-therapeuthes,1,200,Tous,Thérapeutes,,48
https://ihmn.be/contact,1,200,Contact,,,20
https://www.ihmn.be/contact,1,200,Contact,,,20
https://ihmn.be/mentions-legales,1,200,Mentions légales,Mentions légales,,20
https://ihmn.be/formations/naturopathie#tab-15435291221,2,200,Naturopathie (formation),Naturopathie,,23
https://ihmn.be/formations/naturopathie#tab-15435291222,2,200,Naturopathie (formation),Naturopathie,,23
https://ihmn.be/formations/naturopathie#tab-1543529142771,2,200,Naturopathie (formation),Naturopathie,,23
https://ihmn.be/formations/naturopathie#tab-1543529148885,2,200,Naturopathie (formation),Naturopathie,,23
https://ihmn.be/formations/hygiene-de-vie-et-nutrition#tab-15435291221,2,200,Hygiène Vitale et Nutrition (formation),Hygiène de Vie et Nutrition,,21
https://ihmn.be/formations/hygiene-de-vie-et-nutrition#tab-15435291222,2,200,Hygiène Vitale et Nutrition (formation),Hygiène de Vie et Nutrition,,21
https://ihmn.be/images/Documents/ihmn_25-26_contrat_inscription_1e-anne.pdf,2,200,,,,0
https://ihmn.be/images/Documents/ihmn---tarifs-2025-26.pdf,2,200,,,,0
https://ihmn.be/images/Documents/IHMN%20-%20Bourse%202025-26.pdf,2,200,,,,0
https://ihmn.be/faq#collapse-1682976300268,2,200,FAQ,FAQ,,60
https://ihmn.be/faq#collapse-1682976374379,2,200,FAQ,FAQ,,60
https://ihmn.be/faq#collapse-1682976374380,2,200,FAQ,FAQ,,60
https://ihmn.be/faq#collapse-1682976300269,2,200,FAQ,FAQ,,60
https://ihmn.be/faq#collapse-1683034607893,2,200,FAQ,FAQ,,60
https://ihmn.be/faq#collapse-1683034607894,2,200,FAQ,FAQ,,60
https://ihmn.be/faq#collapse-1683148386649,2,200,FAQ,FAQ,,60
https://ihmn.be/faq#collapse-1683148394858,2,200,FAQ,FAQ,,60
https://ihmn.be/faq#collapse-1683148404271,2,200,FAQ,FAQ,,60
https://ihmn.be/faq#collapse-1683148414804,2,200,FAQ,FAQ,,60
https://ihmn.be/faq#collapse-1682976967143,2,200,FAQ,FAQ,,60
https://ihmn.be/faq#collapse-1683034613705,2,200,FAQ,FAQ,,60
https://ihmn.be/faq#collapse-1683034613706,2,200,FAQ,FAQ,,60
https://ihmn.be/faq#collapse-1683148633325,2,200,FAQ,FAQ,,60
https://ihmn.be/faq#collapse-1683148642868,2,200,FAQ,FAQ,,60
https://ihmn.be/faq#collapse-1683148650572,2,200,FAQ,FAQ,,60
https://ihmn.be/faq#collapse-1683148658048,2,200,FAQ,FAQ,,60
https://ihmn.be/faq#collapse-1683148668238,2,200,FAQ,FAQ,,60
https://ihmn.be/faq#collapse-1683148677268,2,200,FAQ,FAQ,,60
https://ihmn.be/faq#collapse-1683148684724,2,200,FAQ,FAQ,,60
https://ihmn.be/faq#collapse-1683148692237,2,200,FAQ,FAQ,,60
https://ihmn.be/faq#collapse-1683148702196,2,200,FAQ,FAQ,,60
https://ihmn.be/faq#collapse-1682976979747,2,200,FAQ,FAQ,,60
https://ihmn.be/faq#collapse-1683034617882,2,200,FAQ,FAQ,,60
https://ihmn.be/faq#collapse-1683034617883,2,200,FAQ,FAQ,,60
https://ihmn.be/faq#collapse-1683149026837,2,200,FAQ,FAQ,,60
https://ihmn.be/faq#collapse-1683149034266,2,200,FAQ,FAQ,,60
https://ihmn.be/faq#collapse-1683149048164,2,200,FAQ,FAQ,,60
https://ihmn.be/faq#collapse-1683149060455,2,200,FAQ,FAQ,,60
https://ihmn.be/faq#collapse-1683149068876,2,200,FAQ,FAQ,,60
https://ihmn.be/faq#collapse-1682976988688,2,200,FAQ,FAQ,,60
https://ihmn.be/faq#collapse-1683034622417,2,200,FAQ,FAQ,,60
https://ihmn.be/faq#collapse-1683034622418,2,200,FAQ,FAQ,,60
https://ihmn.be/faq#collapse-1683149309048,2,200,FAQ,FAQ,,60
https://ihmn.be/faq#collapse-1682976996291,2,200,FAQ,FAQ,,60
https://ihmn.be/faq#collapse-1683034626696,2,200,FAQ,FAQ,,60
https://ihmn.be/faq#collapse-1683034626697,2,200,FAQ,FAQ,,60
https://ihmn.be/nos-therapeuthes/bruxelles,2,200,Bruxelles,Thérapeutes,,33
https://ihmn.be/nos-therapeuthes/brabant-wallon,2,200,Brabant Wallon,Thérapeutes,,35
https://ihmn.be/nos-therapeuthes/brabant-flamand,2,200,Brabant Flamand,Thérapeutes,,31
https://ihmn.be/nos-therapeuthes/limbourg,2,200,Limbourg,Thérapeutes,,31
https://ihmn.be/nos-therapeuthes/liege,2,200,Liège,Thérapeutes,,40
https://ihmn.be/nos-therapeuthes/namur,2,200,Namur,Thérapeutes,,38
https://ihmn.be/nos-therapeuthes/hainaut,2,200,Hainaut,Thérapeutes,,35
https://ihmn.be/nos-therapeuthes/luxembourg,2,200,Luxembourg,Thérapeutes,,34
https://ihmn.be/nos-therapeuthes/france,2,200,France,Thérapeutes,,32
https://ihmn.be/nos-therapeuthes/france/marie-verwacht-fr,2,200,Marie VERWACHT,Marie VERWACHT,,19
https://ihmn.be/nos-therapeuthes/france/marie-pierre-benoit-fr,2,200,Marie-Pierre BENOIT,Marie-Pierre BENOIT,,19
https://ihmn.be/nos-therapeuthes/luxembourg/laurence-pierson,2,200,Laurence PIERSON,Laurence PIERSON,,19
https://ihmn.be/nos-therapeuthes/luxembourg/colette-frenay,2,200,Colette FRENAY,Colette FRENAY,,19
https://ihmn.be/nos-therapeuthes/luxembourg/nolwenn-esselin,2,200,Nolwenn ESSELIN,Nolwenn ESSELIN,,19
https://ihmn.be/nos-therapeuthes/luxembourg/sophie-contor,2,200,Sophie CONTOR,Sophie CONTOR,,19
https://ihmn.be/nos-therapeuthes/hainaut/monique-surmont,2,200,Monique SURMONT,Monique SURMONT,,19
https://ihmn.be/nos-therapeuthes/hainaut/nathalie-seghers-2,2,200,Nathalie SEGHERS,Nathalie SEGHERS,,19
https://ihmn.be/nos-therapeuthes/hainaut/estelle-durant,2,200,Estelle DURANT,Estelle DURANT,,19
https://ihmn.be/nos-therapeuthes/hainaut/valerie-debieve,2,200,Valérie DEBIEVE,Valérie DEBIEVE,,19
https://ihmn.be/nos-therapeuthes?page=1,2,200,Tous,Thérapeutes,,48
https://ihmn.be/nos-therapeuthes?page=2,2,200,Tous,Thérapeutes,,48
https://ihmn.be/nos-therapeuthes?page=3,2,200,Tous,Thérapeutes,,48
https://ihmn.be/nos-therapeuthes?page=4,2,200,Tous,Thérapeutes,,47
https://ihmn.be/contact#,2,200,Contact,,,20
https://www.ihmn.be/,2,200,IHMN - Institut d'Hygiène et de Médecine Naturelle,"La Naturopathie,",,28
https://www.ihmn.be/formations,2,200,Formations,Formations,,23
https://www.ihmn.be/formations/naturopathie,2,200,Naturopathie (formation),Naturopathie,,23
https://www.ihmn.be/formations/hygiene-de-vie-et-nutrition,2,200,Hygiène Vitale et Nutrition (formation),Hygiène de Vie et Nutrition,,21
https://www.ihmn.be/formations/drainage-lymphatique-manuel,2,200,Drainage lymphatique manuel (formation),Drainage Lymphatique Manuel,,19
https://www.ihmn.be/formations/formations-hors-cursus,2,200,Formations hors cursus (formation),Formations Hors Cursus,,19
https://www.ihmn.be/formations/inscriptions-tarifs,2,200,Inscriptions & Tarifs,Inscriptions & Tarifs,,22
https://www.ihmn.be/formations/examens-certificats,2,200,Examens & Certificats,Examens & Certificats,,19
https://www.ihmn.be/ihmn,2,200,IHMN,IHMN,,19
https://www.ihmn.be/ihmn/formateurs,2,200,Formateurs,Nos formateurs,,19
https://www.ihmn.be/ihmn/en-pratique,2,200,En pratique,En pratique,,19
https://www.ihmn.be/ihmn/lhistoire-ihmn,2,200,Historique,Historique,,19
https://www.ihmn.be/faq,2,200,FAQ,FAQ,,60
https://www.ihmn.be/nos-therapeuthes,2,200,Tous,Thérapeutes,,48
https://www.ihmn.be/contact#,2,200,Contact,,,20
https://www.ihmn.be/mentions-legales,2,200,Mentions légales,Mentions légales,,20
https://ihmn.be/images/Documents/ihmn_mentions_legales_230601.pdf,2,200,,,,0
https://ihmn.be/nos-therapeuthes/bruxelles/marie-verwacht,3,200,Marie VERWACHT,Marie VERWACHT,,19
https://ihmn.be/nos-therapeuthes/bruxelles/karin-schepens,3,200,Karin SCHEPENS,Karin SCHEPENS,,19
https://ihmn.be/nos-therapeuthes/bruxelles/patricia-deuse,3,200,Patricia DEUSE,Patricia DEUSE,,19
https://ihmn.be/nos-therapeuthes/brabant-wallon/dominique-vanboquestal,3,200,Dominique VANBOQUESTAL,Dominique VANBOQUESTAL,,19
https://ihmn.be/nos-therapeuthes/brabant-wallon/nathalie-seghers,3,200,Nathalie SEGHERS,Nathalie SEGHERS,,19
https://ihmn.be/nos-therapeuthes/brabant-wallon/salome-mulongo,3,200,Salomé MULONGO,Salomé MULONGO,,19
https://ihmn.be/nos-therapeuthes/brabant-wallon/laurence-mertens-de-wilmars,3,200,Laurence MERTENS DE WILMARS,Laurence MERTENS DE WILMARS,,19
https://ihmn.be/nos-therapeuthes/brabant-wallon/valerie-garab,3,200,Valérie GARAB,Valérie GARAB,,19
https://ihmn.be/nos-therapeuthes/brabant-flamand/marilina-nicoletti,3,200,Marilina NICOLETTI,Marilina NICOLETTI,,19
https://ihmn.be/nos-therapeuthes/limbourg/laurence-mertens-de-wilmars-2,3,200,Laurence MERTENS DE WILMARS,Laurence MERTENS DE WILMARS,,19
https://ihmn.be/nos-therapeuthes/liege/flavie-stevens,3,200,Flavie STEVENS,Flavie STEVENS,,19
https://ihmn.be/nos-therapeuthes/liege/sylvie-poupaert,3,200,Sylvie POUPAERT,Sylvie POUPAERT,,19
https://ihmn.be/nos-therapeuthes/liege/valerie-poty,3,200,Valérie POTY,Valérie POTY,,19
https://ihmn.be/nos-therapeuthes/liege/christelle-lequeux,3,200,Christelle LEQUEUX,Christelle LEQUEUX,,19
https://ihmn.be/nos-therapeuthes/liege/marie-christine-lacroix,3,200,Marie-Christine LACROIX,Marie-Christine LACROIX,,19
https://ihmn.be/nos-therapeuthes/liege/caroline-julin,3,200,Caroline JULIN,Caroline JULIN,,19
https://ihmn.be/nos-therapeuthes/liege/veronique-evrard,3,200,Véronique EVRARD,Véronique EVRARD,,20
https://ihmn.be/nos-therapeuthes/liege/christine-dhondt,3,200,Christine DHONDT,Christine DHONDT,,19
https://ihmn.be/nos-therapeuthes/liege/veronique-dewez,3,200,Véronique DEWEZ,Véronique DEWEZ,,19
https://ihmn.be/nos-therapeuthes/liege/catherine-campioni,3,200,Catherine CAMPIONI,Catherine CAMPIONI,,19
https://ihmn.be/nos-therapeuthes/namur/fanny-paquot,3,200,Fanny PAQUOT,Fanny PAQUOT,,19
https://ihmn.be/nos-therapeuthes/namur/sabine-pairon,3,200,Sabine PAIRON,Sabine PAIRON,,19
https://ihmn.be/nos-therapeuthes/namur/charline-nocart,3,200,Charline NOCART,Charline NOCART,,19
https://ihmn.be/nos-therapeuthes/namur/marie-stephanie-jeanmart,3,200,Marie-Stéphanie JEANMART,Marie-Stéphanie JEANMART,,19
https://ihmn.be/nos-therapeuthes/namur/christophe-issad,3,200,Christophe ISSAD,Christophe ISSAD,,19
https://ihmn.be/nos-therapeuthes/namur/valerie-garab-2-2-2-2-2-2-2,3,200,Valérie GARAB,Valérie GARAB,,19
https://ihmn.be/nos-therapeuthes/namur/ariane-de-meeus,3,200,Ariane de MEEUS,Ariane de MEEUS,,19
https://ihmn.be/nos-therapeuthes/namur/melissa-collin,3,200,Mélissa COLLIN,Mélissa COLLIN,,19
https://ihmn.be/nos-therapeuthes/hainaut/marie-pierre-benoit,3,200,Marie-Pierre BENOIT,Marie-Pierre BENOIT,,19
https://www.ihmn.be/formations/naturopathie#tab-15435291221,3,200,Naturopathie (formation),Naturopathie,,23
https://www.ihmn.be/formations/naturopathie#tab-15435291222,3,200,Naturopathie (formation),Naturopathie,,23
https://www.ihmn.be/formations/naturopathie#tab-1543529142771,3,200,Naturopathie (formation),Naturopathie,,23
https://www.ihmn.be/formations/naturopathie#tab-1543529148885,3,200,Naturopathie (formation),Naturopathie,,23
https://www.ihmn.be/formations/hygiene-de-vie-et-nutrition#tab-15435291221,3,200,Hygiène Vitale et Nutrition (formation),Hygiène de Vie et Nutrition,,21
https://www.ihmn.be/formations/hygiene-de-vie-et-nutrition#tab-15435291222,3,200,Hygiène Vitale et Nutrition (formation),Hygiène de Vie et Nutrition,,21
https://www.ihmn.be/faq#collapse-1682976300268,3,200,FAQ,FAQ,,60
https://www.ihmn.be/faq#collapse-1682976374379,3,200,FAQ,FAQ,,60
https://www.ihmn.be/faq#collapse-1682976374380,3,200,FAQ,FAQ,,60
https://www.ihmn.be/faq#collapse-1682976300269,3,200,FAQ,FAQ,,60
https://www.ihmn.be/faq#collapse-1683034607893,3,200,FAQ,FAQ,,60
https://www.ihmn.be/faq#collapse-1683034607894,3,200,FAQ,FAQ,,60
https://www.ihmn.be/faq#collapse-1683148386649,3,200,FAQ,FAQ,,60
https://www.ihmn.be/faq#collapse-1683148394858,3,200,FAQ,FAQ,,60
https://www.ihmn.be/faq#collapse-1683148404271,3,200,FAQ,FAQ,,60
https://www.ihmn.be/faq#collapse-1683148414804,3,200,FAQ,FAQ,,60
https://www.ihmn.be/faq#collapse-1682976967143,3,200,FAQ,FAQ,,60
https://www.ihmn.be/faq#collapse-1683034613705,3,200,FAQ,FAQ,,60
https://www.ihmn.be/faq#collapse-1683034613706,3,200,FAQ,FAQ,,60
https://www.ihmn.be/faq#collapse-1683148633325,3,200,FAQ,FAQ,,60
https://www.ihmn.be/faq#collapse-1683148642868,3,200,FAQ,FAQ,,60
https://www.ihmn.be/faq#collapse-1683148650572,3,200,FAQ,FAQ,,60
https://www.ihmn.be/faq#collapse-1683148658048,3,200,FAQ,FAQ,,60
https://www.ihmn.be/faq#collapse-1683148668238,3,200,FAQ,FAQ,,60
https://www.ihmn.be/faq#collapse-1683148677268,3,200,FAQ,FAQ,,60
https://www.ihmn.be/faq#collapse-1683148684724,3,200,FAQ,FAQ,,60
https://www.ihmn.be/faq#collapse-1683148692237,3,200,FAQ,FAQ,,60
https://www.ihmn.be/faq#collapse-1683148702196,3,200,FAQ,FAQ,,60
https://www.ihmn.be/faq#collapse-1682976979747,3,200,FAQ,FAQ,,60
https://www.ihmn.be/faq#collapse-1683034617882,3,200,FAQ,FAQ,,60
https://www.ihmn.be/faq#collapse-1683034617883,3,200,FAQ,FAQ,,60
https://www.ihmn.be/faq#collapse-1683149026837,3,200,FAQ,FAQ,,60
https://www.ihmn.be/faq#collapse-1683149034266,3,200,FAQ,FAQ,,60
https://www.ihmn.be/faq#collapse-1683149048164,3,200,FAQ,FAQ,,60
https://www.ihmn.be/faq#collapse-1683149060455,3,200,FAQ,FAQ,,60
https://www.ihmn.be/faq#collapse-1683149068876,3,200,FAQ,FAQ,,60
https://www.ihmn.be/faq#collapse-1682976988688,3,200,FAQ,FAQ,,60
https://www.ihmn.be/faq#collapse-1683034622417,3,200,FAQ,FAQ,,60
https://www.ihmn.be/faq#collapse-1683034622418,3,200,FAQ,FAQ,,60
https://www.ihmn.be/faq#collapse-1683149309048,3,200,FAQ,FAQ,,60
https://www.ihmn.be/faq#collapse-1682976996291,3,200,FAQ,FAQ,,60
https://www.ihmn.be/faq#collapse-1683034626696,3,200,FAQ,FAQ,,60
https://www.ihmn.be/faq#collapse-1683034626697,3,200,FAQ,FAQ,,60
https://www.ihmn.be/nos-therapeuthes/bruxelles,3,200,Bruxelles,Thérapeutes,,33
https://www.ihmn.be/nos-therapeuthes/brabant-wallon,3,200,Brabant Wallon,Thérapeutes,,35
https://www.ihmn.be/nos-therapeuthes/brabant-flamand,3,200,Brabant Flamand,Thérapeutes,,31
https://www.ihmn.be/nos-therapeuthes/limbourg,3,200,Limbourg,Thérapeutes,,31
https://www.ihmn.be/nos-therapeuthes/liege,3,200,Liège,Thérapeutes,,40
https://www.ihmn.be/nos-therapeuthes/namur,3,200,Namur,Thérapeutes,,38
https://www.ihmn.be/nos-therapeuthes/hainaut,3,200,Hainaut,Thérapeutes,,35
https://www.ihmn.be/nos-therapeuthes/luxembourg,3,200,Luxembourg,Thérapeutes,,34
https://www.ihmn.be/nos-therapeuthes/france,3,200,France,Thérapeutes,,32
https://www.ihmn.be/nos-therapeuthes/france/marie-verwacht-fr,3,200,Marie VERWACHT,Marie VERWACHT,,19
https://www.ihmn.be/nos-therapeuthes/france/marie-pierre-benoit-fr,3,200,Marie-Pierre BENOIT,Marie-Pierre BENOIT,,19
https://www.ihmn.be/nos-therapeuthes/luxembourg/laurence-pierson,3,200,Laurence PIERSON,Laurence PIERSON,,19
https://www.ihmn.be/nos-therapeuthes/luxembourg/colette-frenay,3,200,Colette FRENAY,Colette FRENAY,,19
https://www.ihmn.be/nos-therapeuthes/luxembourg/nolwenn-esselin,3,200,Nolwenn ESSELIN,Nolwenn ESSELIN,,19
https://www.ihmn.be/nos-therapeuthes/luxembourg/sophie-contor,3,200,Sophie CONTOR,Sophie CONTOR,,19
https://www.ihmn.be/nos-therapeuthes/hainaut/monique-surmont,3,200,Monique SURMONT,Monique SURMONT,,19
https://www.ihmn.be/nos-therapeuthes/hainaut/nathalie-seghers-2,3,200,Nathalie SEGHERS,Nathalie SEGHERS,,19
https://www.ihmn.be/nos-therapeuthes/hainaut/estelle-durant,3,200,Estelle DURANT,Estelle DURANT,,19
https://www.ihmn.be/nos-therapeuthes/hainaut/valerie-debieve,3,200,Valérie DEBIEVE,Valérie DEBIEVE,,19
https://www.ihmn.be/nos-therapeuthes?page=1,3,200,Tous,Thérapeutes,,48
https://www.ihmn.be/nos-therapeuthes?page=2,3,200,Tous,Thérapeutes,,48
https://www.ihmn.be/nos-therapeuthes?page=3,3,200,Tous,Thérapeutes,,48
https://www.ihmn.be/nos-therapeuthes?page=4,3,200,Tous,Thérapeutes,,47
https://ihmn.be/+32475900926,4,404,Erreur: 404 Page non trouvée...,404,,0
https://www.ihmn.be/nos-therapeuthes/bruxelles/marie-verwacht,4,200,Marie VERWACHT,Marie VERWACHT,,19
https://www.ihmn.be/nos-therapeuthes/bruxelles/karin-schepens,4,200,Karin SCHEPENS,Karin SCHEPENS,,19
https://www.ihmn.be/nos-therapeuthes/bruxelles/patricia-deuse,4,200,Patricia DEUSE,Patricia DEUSE,,19
https://www.ihmn.be/nos-therapeuthes/brabant-wallon/dominique-vanboquestal,4,200,Dominique VANBOQUESTAL,Dominique VANBOQUESTAL,,19
https://www.ihmn.be/nos-therapeuthes/brabant-wallon/nathalie-seghers,4,200,Nathalie SEGHERS,Nathalie SEGHERS,,19
https://www.ihmn.be/nos-therapeuthes/brabant-wallon/salome-mulongo,4,200,Salomé MULONGO,Salomé MULONGO,,19
https://www.ihmn.be/nos-therapeuthes/brabant-wallon/laurence-mertens-de-wilmars,4,200,Laurence MERTENS DE WILMARS,Laurence MERTENS DE WILMARS,,19
https://www.ihmn.be/nos-therapeuthes/brabant-wallon/valerie-garab,4,200,Valérie GARAB,Valérie GARAB,,19
https://www.ihmn.be/nos-therapeuthes/brabant-flamand/marilina-nicoletti,4,200,Marilina NICOLETTI,Marilina NICOLETTI,,19
https://www.ihmn.be/nos-therapeuthes/limbourg/laurence-mertens-de-wilmars-2,4,200,Laurence MERTENS DE WILMARS,Laurence MERTENS DE WILMARS,,19
https://www.ihmn.be/nos-therapeuthes/liege/flavie-stevens,4,200,Flavie STEVENS,Flavie STEVENS,,19
https://www.ihmn.be/nos-therapeuthes/liege/sylvie-poupaert,4,200,Sylvie POUPAERT,Sylvie POUPAERT,,19
https://www.ihmn.be/nos-therapeuthes/liege/valerie-poty,4,200,Valérie POTY,Valérie POTY,,19
https://www.ihmn.be/nos-therapeuthes/liege/christelle-lequeux,4,200,Christelle LEQUEUX,Christelle LEQUEUX,,19
https://www.ihmn.be/nos-therapeuthes/liege/marie-christine-lacroix,4,200,Marie-Christine LACROIX,Marie-Christine LACROIX,,19
https://www.ihmn.be/nos-therapeuthes/liege/caroline-julin,4,200,Caroline JULIN,Caroline JULIN,,19
https://www.ihmn.be/nos-therapeuthes/liege/veronique-evrard,4,200,Véronique EVRARD,Véronique EVRARD,,20
https://www.ihmn.be/nos-therapeuthes/liege/christine-dhondt,4,200,Christine DHONDT,Christine DHONDT,,19
https://www.ihmn.be/nos-therapeuthes/liege/veronique-dewez,4,200,Véronique DEWEZ,Véronique DEWEZ,,19
https://www.ihmn.be/nos-therapeuthes/liege/catherine-campioni,4,200,Catherine CAMPIONI,Catherine CAMPIONI,,19
https://www.ihmn.be/nos-therapeuthes/namur/fanny-paquot,4,200,Fanny PAQUOT,Fanny PAQUOT,,19
https://www.ihmn.be/nos-therapeuthes/namur/sabine-pairon,4,200,Sabine PAIRON,Sabine PAIRON,,19
https://www.ihmn.be/nos-therapeuthes/namur/charline-nocart,4,200,Charline NOCART,Charline NOCART,,19
https://www.ihmn.be/nos-therapeuthes/namur/marie-stephanie-jeanmart,4,200,Marie-Stéphanie JEANMART,Marie-Stéphanie JEANMART,,19
https://www.ihmn.be/nos-therapeuthes/namur/christophe-issad,4,200,Christophe ISSAD,Christophe ISSAD,,19
https://www.ihmn.be/nos-therapeuthes/namur/valerie-garab-2-2-2-2-2-2-2,4,200,Valérie GARAB,Valérie GARAB,,19
https://www.ihmn.be/nos-therapeuthes/namur/ariane-de-meeus,4,200,Ariane de MEEUS,Ariane de MEEUS,,19
https://www.ihmn.be/nos-therapeuthes/namur/melissa-collin,4,200,Mélissa COLLIN,Mélissa COLLIN,,19
https://www.ihmn.be/nos-therapeuthes/hainaut/marie-pierre-benoit,4,200,Marie-Pierre BENOIT,Marie-Pierre BENOIT,,19
https://www.ihmn.be/+32475900926,5,404,Erreur: 404 Page non trouvée...,404,,0
